City_ID,City,Country,Lat,Lng,Max Temp,Humidity,Cloudiness,Wind Speed,Current Description
0,Saint-Philippe,RE,-21.3585,55.7679,80.6,61,90,8.05,overcast clouds
1,Yellowknife,CA,62.456,-114.3525,-34.01,67,40,8.05,scattered clouds
2,Geraldton,AU,-28.7667,114.6,73.4,68,40,14.97,scattered clouds
3,Carnarvon,AU,-24.8667,113.6333,82.4,100,40,14.97,scattered clouds
4,Clyde River,CA,70.4692,-68.5914,-7.6,92,1,3.44,mist
5,Alofi,NU,-19.0595,-169.9187,86.0,70,75,10.36,broken clouds
6,Fortuna,US,40.5982,-124.1573,48.0,93,1,5.75,clear sky
7,Chuy,UY,-33.6971,-53.4616,64.98,82,0,6.6,clear sky
8,Busselton,AU,-33.65,115.3333,66.0,97,67,5.01,broken clouds
9,Castro,BR,-24.7911,-50.0119,55.87,76,0,5.68,clear sky
10,Jamestown,US,42.097,-79.2353,12.99,72,90,10.36,light snow
11,Qingdao,CN,36.0986,120.3719,34.0,59,0,4.47,clear sky
12,Kuloy,RU,61.0305,42.4925,-22.7,86,0,6.53,clear sky
13,Sterling,US,39.0062,-77.4286,30.2,59,20,9.22,few clouds
14,Alice Springs,AU,-23.7,133.8833,87.8,20,0,13.8,clear sky
15,Ushuaia,AR,-54.8,-68.3,51.8,82,75,9.22,broken clouds
16,Hilo,US,19.7297,-155.09,77.0,61,75,8.05,broken clouds
17,Tuktoyaktuk,CA,69.4541,-133.0374,-27.4,68,40,9.22,snow
18,Avarua,CK,-21.2078,-159.775,84.2,79,40,9.22,light rain
19,Kaitangata,NZ,-46.2817,169.8464,66.0,79,100,5.01,light rain
20,Atar,MR,20.5169,-13.0499,57.07,39,0,8.55,clear sky
21,Torbay,CA,47.6666,-52.7314,30.0,69,20,32.21,few clouds
22,Rikitea,PF,-23.1203,-134.9692,77.49,71,59,13.18,broken clouds
23,Sibolga,ID,1.7427,98.7792,82.6,64,100,1.63,overcast clouds
24,Severo-Kurilsk,RU,50.6789,156.125,25.81,92,79,20.47,light snow
25,Cockburn Town,TC,21.4612,-71.1419,77.0,83,20,11.5,few clouds
26,Hay River,CA,60.8156,-115.7999,-34.6,67,100,3.44,overcast clouds
27,Lucea,JM,18.451,-78.1736,78.8,73,20,14.97,light rain
28,Klaksvik,FO,62.2266,-6.589,35.6,64,75,17.27,broken clouds
29,Namibe,AO,-15.1961,12.1522,71.8,80,73,4.43,broken clouds
30,Dhidhdhoo,MV,6.8833,73.1,81.39,70,31,8.61,scattered clouds
31,Puerto Maldonado,PE,-12.6,-69.1833,74.82,93,100,0.38,overcast clouds
32,New Norfolk,AU,-42.7826,147.0587,62.01,64,100,1.99,overcast clouds
33,Los Llanos De Aridane,ES,28.6585,-17.9182,60.8,77,75,6.91,broken clouds
34,Shingu,JP,33.7333,135.9833,53.6,54,40,16.11,scattered clouds
35,Upernavik,GL,72.7868,-56.1549,18.01,79,50,4.72,scattered clouds
36,Omboue,GA,-1.5746,9.2618,78.55,86,100,3.71,overcast clouds
37,Pingliang,CN,35.5392,106.6861,38.55,61,0,3.6,clear sky
38,Banda Aceh,ID,5.5577,95.3222,81.52,76,2,9.8,clear sky
39,Laguna,US,38.421,-121.4238,57.99,54,1,3.44,clear sky
40,Yeppoon,AU,-23.1333,150.7333,91.4,52,75,5.75,broken clouds
41,Mahebourg,MU,-20.4081,57.7,78.8,83,40,5.75,scattered clouds
42,Vaini,TO,-21.2,-175.2,77.0,94,90,14.97,moderate rain
43,Butaritari,KI,3.0707,172.7902,80.98,79,27,17.18,scattered clouds
44,Mataura,NZ,-46.1927,168.8643,76.78,33,98,3.13,moderate rain
45,Brae,GB,60.3964,-1.353,31.35,89,86,3.13,overcast clouds
46,Yabassi,CM,4.457,9.9682,80.6,100,75,0.54,broken clouds
47,Victoria,HK,22.2855,114.1577,71.01,80,17,1.99,few clouds
48,Weligama,LK,5.9667,80.4167,76.12,88,32,3.85,scattered clouds
49,Touros,BR,-5.1989,-35.4608,80.6,78,20,10.36,few clouds
50,Puerto Ayora,EC,-0.7393,-90.3518,77.0,95,65,5.46,light rain
51,Mikhaylovka,RU,50.06,43.2379,7.0,80,64,5.99,broken clouds
52,Barrow,US,71.2906,-156.7887,-27.4,75,1,6.91,clear sky
53,Port Blair,IN,11.6667,92.75,79.43,74,2,12.93,clear sky
54,Ilmajoki,FI,62.7333,22.5667,-4.0,84,90,3.51,overcast clouds
55,Klyuchi,RU,52.2667,79.1667,21.31,97,100,9.78,overcast clouds
56,Sinnamary,GF,5.3833,-52.95,77.95,83,100,13.56,overcast clouds
57,Ponta Do Sol,PT,32.6667,-17.1,57.99,74,60,3.0,broken clouds
58,Cidreira,BR,-30.1811,-50.2056,70.36,73,0,7.38,clear sky
59,Aykhal,RU,66.0,111.5,-25.69,84,81,5.1,broken clouds
60,Yerofey Pavlovich,RU,53.9667,121.9667,-8.57,84,95,3.38,overcast clouds
61,Dikson,RU,73.5069,80.5464,-32.17,85,90,17.13,overcast clouds
62,Codrington,AU,-38.2667,141.9667,61.03,67,100,14.67,overcast clouds
63,East London,ZA,-33.0153,27.9116,70.68,83,90,9.33,light rain
64,Berbera,SO,10.4396,45.0143,73.4,73,4,3.42,clear sky
65,Punta Arenas,CL,-53.15,-70.9167,59.0,47,75,10.36,broken clouds
66,Dwarka,IN,22.2394,68.9678,67.26,50,0,11.12,clear sky
67,Narsaq,GL,60.9167,-46.05,37.4,30,91,42.57,overcast clouds
68,Port Alfred,ZA,-33.5906,26.891,64.0,95,95,3.0,overcast clouds
69,Hobart,AU,-42.8794,147.3294,64.0,51,75,12.66,broken clouds
70,Beipiao,CN,41.7919,120.7792,18.9,71,0,6.58,clear sky
71,Hithadhoo,MV,-0.6,73.0833,81.72,74,0,9.89,clear sky
72,Thompson,CA,55.7435,-97.8558,-27.4,68,75,14.97,snow
73,San Patricio,US,28.017,-97.5169,66.2,67,75,10.36,broken clouds
74,Khatanga,RU,71.9667,102.5,-27.2,80,13,12.59,few clouds
75,Chokurdakh,RU,70.6333,147.9167,-14.03,89,100,7.09,overcast clouds
76,Ugoofaaru,MV,5.6667,73.0,81.14,73,27,11.92,scattered clouds
77,Mar Del Plata,AR,-38.0023,-57.5575,62.01,77,90,16.11,overcast clouds
78,Kinshasa,CD,-4.3246,15.3215,75.2,88,20,4.61,few clouds
79,Kahului,US,20.8947,-156.47,78.8,50,1,13.8,clear sky
80,Filingue,NE,14.3521,3.3168,71.83,20,0,8.41,clear sky
81,Naze,JP,28.3667,129.4833,66.2,59,20,10.36,few clouds
82,Osoyoos,CA,49.0331,-119.4524,30.2,93,100,5.75,overcast clouds
83,Chipinge,ZW,-20.1883,32.6236,62.89,96,26,1.01,scattered clouds
84,Steamboat Springs,US,40.485,-106.8317,33.8,32,1,12.66,clear sky
85,Bairiki,KI,1.3292,172.9752,86.0,74,40,11.5,scattered clouds
86,Tuatapere,NZ,-46.1333,167.6833,68.67,58,100,4.25,moderate rain
87,Ossora,RU,59.2353,163.0719,29.35,94,95,15.97,overcast clouds
88,Cape Town,ZA,-33.9258,18.4232,66.0,72,0,12.66,clear sky
89,Bambous Virieux,MU,-20.3428,57.7575,78.8,83,40,5.75,scattered clouds
90,Esperance,AU,-33.8667,121.9,82.4,51,0,24.16,clear sky
91,Nikolayevka,RU,53.1257,47.2041,-3.8,89,97,12.26,overcast clouds
92,Mayumba,GA,-3.432,10.6554,79.0,86,100,2.62,moderate rain
93,Atuona,PF,-9.8,-139.0333,79.74,74,8,20.58,clear sky
94,Itoman,JP,26.1247,127.6694,69.8,52,20,17.27,few clouds
95,Lebu,CL,-37.6167,-73.65,58.75,94,100,1.43,overcast clouds
96,Ketchikan,US,55.3422,-131.6461,30.2,63,1,5.75,clear sky
97,Gediz,TR,39.0417,29.41,49.87,47,100,6.82,overcast clouds
98,Port Macquarie,AU,-31.4333,152.9167,79.0,61,30,1.01,scattered clouds
99,Mtsensk,RU,53.2766,36.5733,-4.79,92,73,6.02,broken clouds
100,Norman Wells,CA,65.282,-126.8329,-31.0,75,20,5.75,few clouds
101,Dinguiraye,GN,11.3,-10.7167,70.56,24,65,3.36,broken clouds
102,Ribeira Grande,PT,38.5167,-28.7,58.96,80,24,17.2,few clouds
103,Gobabis,NA,-22.45,18.9667,64.78,85,5,8.08,clear sky
104,Kasongo-Lunda,CD,-6.4667,16.8167,73.04,82,100,0.49,overcast clouds
105,Goure,NE,13.9835,10.2704,68.0,17,56,5.01,broken clouds
106,Sao Sebastiao,BR,-23.76,-45.4097,71.6,80,48,2.91,scattered clouds
107,Aswan,EG,24.0934,32.907,56.95,56,0,8.81,clear sky
108,Evensk,RU,61.95,159.2333,12.38,92,100,46.64,light snow
109,Vardo,NO,70.3705,31.1107,25.41,90,100,27.4,light snow
110,Anchorage,US,61.2181,-149.9003,10.99,92,90,3.04,overcast clouds
111,Salalah,OM,17.0151,54.0924,69.8,73,0,5.75,clear sky
112,Malakal,SS,9.5334,31.6605,66.52,25,9,7.58,clear sky
113,Aklavik,CA,68.2191,-135.0107,-23.8,76,100,10.36,overcast clouds
114,Cherskiy,RU,68.75,161.3,6.78,75,0,4.83,clear sky
115,Ostrovnoy,RU,68.0531,39.5131,17.13,94,100,11.61,light snow
116,Kapaa,US,22.0752,-159.319,73.4,53,20,6.91,few clouds
117,Ulladulla,AU,-35.35,150.4667,69.01,68,75,9.22,broken clouds
118,Bubaque,GW,11.2833,-15.8333,79.25,62,1,7.38,clear sky
119,Ambulu,ID,-8.345,113.6058,83.79,69,98,2.01,overcast clouds
120,Hwange,ZW,-18.3693,26.5019,68.02,90,33,2.73,light rain
121,Longyearbyen,SJ,78.2186,15.6401,15.8,38,0,19.57,clear sky
122,Souillac,MU,-20.5167,57.5167,78.8,83,40,5.75,light rain
123,Saskylakh,RU,71.9167,114.0833,-36.51,80,43,11.77,scattered clouds
124,Husavik,IS,66.0449,-17.3389,30.2,80,75,7.34,broken clouds
125,Krasnoarmeysk,RU,51.0239,45.6969,-4.99,90,19,15.68,few clouds
126,Yulara,AU,-25.2406,130.9889,87.8,20,0,18.41,clear sky
127,Nemuro,JP,43.3236,145.575,17.6,62,20,6.91,few clouds
128,Coahuayana,MX,18.7333,-103.6833,69.8,83,1,0.96,clear sky
129,Albany,US,42.6001,-73.9662,24.01,54,43,4.0,scattered clouds
130,Fare,PF,-16.7,-151.0167,82.06,75,1,11.83,clear sky
131,Chiredzi,ZW,-21.05,31.6667,71.22,73,99,3.18,overcast clouds
132,Qaanaaq,GL,77.484,-69.3632,17.1,85,100,6.71,overcast clouds
133,San Andres,CO,12.5847,-81.7006,80.6,78,40,9.22,scattered clouds
134,Brigantine,US,39.4101,-74.3646,34.0,86,1,9.22,clear sky
135,Balkanabat,TM,39.5108,54.3671,45.84,70,0,5.86,clear sky
136,Arraial Do Cabo,BR,-22.9661,-42.0278,74.84,81,100,3.58,moderate rain
137,Tammisaari,FI,59.9736,23.4339,19.0,74,5,6.33,clear sky
138,Kimbe,PG,-5.5502,150.1429,84.04,76,39,7.0,moderate rain
139,Beloha,MG,-25.1667,45.05,74.3,97,23,3.2,few clouds
140,Cabo San Lucas,MX,22.8909,-109.9124,66.99,63,40,4.61,scattered clouds
141,Broome,US,42.2506,-75.833,14.0,62,75,11.5,broken clouds
142,Polovinnoye,RU,54.7914,65.9864,-4.95,91,1,8.88,clear sky
143,Olinda,BR,-8.0089,-34.8553,78.8,69,40,8.05,scattered clouds
144,Tasiilaq,GL,65.6145,-37.6368,26.6,46,20,5.75,few clouds
145,Anito,PH,12.4497,125.2886,76.8,92,100,14.03,moderate rain
146,Oussouye,SN,12.485,-16.5469,68.0,60,0,2.3,clear sky
147,Porto Velho,BR,-8.7619,-63.9039,78.8,94,75,5.75,very heavy rain
148,Wuwei,CN,37.9281,102.6414,34.43,59,0,0.67,clear sky
149,Bethel,US,41.3712,-73.414,28.4,74,90,16.11,light snow
150,Praia Da Vitoria,PT,38.7333,-27.0667,57.0,82,20,11.36,few clouds
151,Port Alberni,CA,49.2413,-124.8028,41.0,91,100,1.01,overcast clouds
152,Mareeba,AU,-17.0,145.4333,91.0,70,100,3.44,light rain
153,Byron Bay,AU,-28.65,153.6167,80.6,61,40,19.57,scattered clouds
154,Amatenango Del Valle,MX,16.5167,-92.45,75.2,69,1,9.22,clear sky
155,Hermanus,ZA,-34.4187,19.2345,63.0,76,0,5.99,clear sky
156,Tonstad,NO,58.6626,6.7169,23.0,75,0,13.78,clear sky
157,Adrar,MR,20.5022,-10.0711,55.62,38,0,9.91,clear sky
158,Parfenyevo,RU,58.484,43.4088,-21.21,85,0,8.12,clear sky
159,Kuragino,RU,53.8975,92.6725,20.25,96,100,4.65,overcast clouds
160,Russkaya Polyana,UA,49.417,31.9201,11.32,96,100,12.12,light snow
161,Port Elizabeth,ZA,-33.918,25.5701,64.4,82,0,10.36,clear sky
162,Cartagena,CO,10.3997,-75.5144,80.6,83,0,6.91,clear sky
163,Buala,SB,-8.145,159.5921,86.7,70,71,11.56,light rain
164,Bambanglipuro,ID,-7.95,110.2833,83.57,72,93,4.36,overcast clouds
165,Ilulissat,GL,69.2167,-51.1,21.2,38,0,19.57,clear sky
166,Tutoia,BR,-2.7619,-42.2744,79.61,84,22,8.32,few clouds
167,Hasaki,JP,35.7333,140.8333,46.0,42,75,10.36,broken clouds
168,San Cataldo,IT,37.4841,13.9854,48.0,87,51,6.69,moderate rain
169,Sao Jose Da Coroa Grande,BR,-8.8978,-35.1478,77.76,81,100,8.1,overcast clouds
170,Piraju,BR,-23.1936,-49.3839,64.24,84,0,11.23,clear sky
171,Lopatino,RU,52.6195,45.8118,-3.53,91,100,12.46,overcast clouds
172,Faanui,PF,-16.4833,-151.75,81.43,76,0,13.24,clear sky
173,Bacolod,PH,10.6667,122.95,77.58,86,100,12.3,moderate rain
174,Tigil,RU,57.8,158.6667,26.98,91,0,21.56,clear sky
175,Prince Rupert,CA,54.3161,-130.3201,33.8,51,1,9.22,clear sky
176,Nikolskoye,RU,59.7035,30.7861,15.8,86,75,6.71,broken clouds
177,Bluff,NZ,-46.6,168.3333,64.18,62,100,8.77,moderate rain
178,Bengkulu,ID,-3.8004,102.2655,83.35,62,73,2.55,broken clouds
179,Jiexiu,CN,37.0244,111.9125,37.87,64,59,1.63,broken clouds
180,Saint-Augustin,CA,51.226,-58.6502,16.59,92,2,10.2,clear sky
181,Kodinsk,RU,58.6881,99.1844,25.99,96,53,8.23,broken clouds
182,North Bend,US,43.4065,-124.2243,46.99,76,90,6.91,overcast clouds
183,Rudnya,RU,54.947,31.0934,-2.18,93,29,3.36,scattered clouds
184,Baruun-Urt,MN,46.6806,113.2792,1.11,90,11,12.24,few clouds
185,Atambua,ID,-9.1061,124.8925,80.51,79,100,5.44,overcast clouds
186,Uba,BR,-21.12,-42.9428,66.79,93,100,2.66,overcast clouds
187,Goderich,CA,43.7501,-81.7165,12.2,62,100,12.66,overcast clouds
188,Dublin,US,37.7021,-121.9358,60.01,51,1,0.89,clear sky
189,Harper,LR,4.375,-7.7169,79.0,89,24,5.7,few clouds
190,Mackay,AU,-21.15,149.2,93.99,66,0,12.66,clear sky
191,Bocas Del Toro,PA,9.3333,-82.25,79.05,79,90,5.64,overcast clouds
192,Namtsy,RU,62.7161,129.6658,-43.6,66,90,2.24,fog
193,Lorengau,PG,-2.0226,147.2712,85.44,69,100,5.19,overcast clouds
194,Bouna,CI,9.2667,-3.0,79.25,21,0,4.5,clear sky
195,Esil,KZ,51.9556,66.4042,0.3,92,29,10.18,scattered clouds
196,Enumclaw,US,47.2043,-121.9915,43.0,85,100,5.01,overcast clouds
197,Ygatimi,PY,-24.0833,-55.5,68.09,74,0,2.57,clear sky
198,Guerrero Negro,MX,27.9769,-114.0611,63.23,56,0,11.27,clear sky
199,Bredasdorp,ZA,-34.5322,20.0403,57.2,82,15,5.75,few clouds
200,Provideniya,RU,64.3833,-173.3,-0.71,84,100,18.23,overcast clouds
201,Sao Paulo De Olivenca,BR,-3.3783,-68.8725,74.95,96,100,0.63,overcast clouds
202,Marang,MY,5.2056,103.2059,80.6,83,40,5.75,scattered clouds
203,Papara,BR,-3.9839,-38.7273,81.0,83,40,5.75,scattered clouds
204,Havelock,US,34.8791,-76.9013,41.0,87,1,5.75,clear sky
205,Surt,LY,31.2089,16.5887,68.36,43,100,15.93,overcast clouds
206,Bathsheba,BB,13.2167,-59.5167,77.0,65,40,17.27,scattered clouds
207,Xianshuigu,CN,38.985,117.3828,33.8,55,0,4.47,clear sky
208,Pisco,PE,-13.7,-76.2167,73.4,78,75,5.75,broken clouds
209,Sao Filipe,CV,14.8961,-24.4956,68.77,75,100,13.67,overcast clouds
210,Collie,AU,-33.3667,116.15,66.0,90,92,10.0,light rain
211,Gimli,CA,50.6336,-96.9907,-22.0,63,0,2.3,clear sky
212,Gunnedah,AU,-30.9833,150.25,84.0,50,5,4.0,clear sky
213,Shwebo,MM,22.5667,95.7,66.43,57,0,5.12,clear sky
214,Belmonte,BR,-15.8631,-38.8828,78.8,83,75,6.91,broken clouds
215,Caravelas,BR,-17.7125,-39.2481,75.96,93,100,6.13,overcast clouds
216,Saldanha,ZA,-33.0117,17.9442,62.6,72,0,9.22,clear sky
217,Tura,IN,25.5198,90.2201,63.45,40,0,2.53,clear sky
218,Shinshiro,JP,34.9,137.5,52.0,55,20,11.99,few clouds
219,Trairi,BR,-3.2778,-39.2689,78.89,85,21,7.52,few clouds
220,Kununurra,AU,-15.7667,128.7333,87.8,79,75,8.05,broken clouds
221,Vao,NC,-22.6667,167.4833,78.17,76,46,3.11,scattered clouds
222,Madaba,JO,31.5833,35.6667,50.0,81,0,5.75,haze
223,Xiongzhou,CN,25.1167,114.3,66.04,59,97,5.86,overcast clouds
224,Bone,DE,51.9669,12.1396,19.99,91,100,4.0,snow
225,Half Moon Bay,US,37.4636,-122.4286,60.8,82,1,6.91,haze
226,Liverpool,GB,53.4106,-2.9779,34.0,64,75,16.11,broken clouds
227,Srednekolymsk,RU,67.45,153.6833,-3.46,84,43,5.73,scattered clouds
228,Richards Bay,ZA,-28.783,32.0377,74.46,92,100,6.15,overcast clouds
229,Tirano,IT,46.2154,10.1679,45.0,99,100,6.87,overcast clouds
230,Labuhan,ID,-6.8844,112.2051,80.47,81,98,13.06,overcast clouds
231,Troitsko-Pechorsk,RU,62.7084,56.1964,-23.06,86,100,8.55,light snow
232,Den Helder,NL,52.9599,4.7593,25.0,80,75,33.38,light snow
233,Roma,US,43.2128,-75.4557,19.4,49,20,12.66,few clouds
234,Itarema,BR,-2.9248,-39.9167,79.79,81,46,12.15,scattered clouds
235,Listvyanskiy,RU,54.4399,83.4984,10.27,94,20,11.34,few clouds
236,Bajil,YE,15.0584,43.2851,71.47,77,52,2.17,broken clouds
237,Kruisfontein,ZA,-34.0033,24.7314,62.01,87,100,6.98,overcast clouds
238,Plerin,FR,48.5425,-2.7798,37.99,74,100,8.99,overcast clouds
239,Jining,CN,35.405,116.5814,43.0,1,100,4.18,overcast clouds
240,Kodiak,US,57.79,-152.4072,33.8,69,1,6.17,clear sky
241,Homer,US,59.6425,-151.5483,26.6,74,1,6.91,clear sky
242,Hirara,JP,24.8,125.2833,71.6,64,40,12.66,scattered clouds
243,Novozybkov,RU,52.5396,31.9275,1.4,85,0,6.71,clear sky
244,Faya,SA,18.3851,42.4509,51.8,53,0,3.44,clear sky
245,Kalmunai,LK,7.4167,81.8167,77.59,87,28,10.87,scattered clouds
246,Pichayevo,RU,53.2363,42.2032,-1.71,93,100,8.81,overcast clouds
247,La Rioja,ES,42.25,-2.5,41.0,93,75,3.44,broken clouds
248,Upington,ZA,-28.4478,21.2561,69.8,49,0,4.61,clear sky
249,Padre Bernardo,BR,-15.35,-48.5,66.88,97,100,3.38,heavy intensity rain
250,Davila,PH,18.4726,120.5763,84.2,74,75,6.91,broken clouds
251,Biltine,TD,14.5333,20.9167,65.44,25,72,14.14,broken clouds
252,Lupiro,TZ,-8.3833,36.6667,73.02,97,100,3.4,light rain
253,Mackenzie,CA,55.2999,-123.1698,-4.0,65,1,4.61,clear sky
254,Yeniseysk,RU,58.4497,92.1703,16.09,95,94,6.78,overcast clouds
255,Waipawa,NZ,-41.4122,175.5153,71.6,64,75,21.85,broken clouds
256,Montepuez,MZ,-13.1256,38.9997,69.12,97,100,1.34,overcast clouds
257,Sri Aman,MY,1.2376,111.4621,78.8,94,40,1.07,scattered clouds
258,Ribeira Brava,PT,32.65,-17.0667,57.99,89,51,3.0,broken clouds
259,San Policarpo,PH,12.1791,125.5072,77.18,86,100,11.39,very heavy rain
260,Luderitz,NA,-26.6481,15.1594,67.17,52,0,26.87,clear sky
261,Katsuura,JP,35.1333,140.3,50.0,32,3,11.01,clear sky
262,Temir,KZ,49.1414,57.13,-8.5,90,72,14.09,broken clouds
263,Imperial,US,33.0334,-115.4175,71.6,26,1,3.44,clear sky
264,Ucluelet,CA,48.9329,-125.5528,43.0,75,40,13.8,scattered clouds
265,Mocuba,MZ,-16.8392,36.9856,73.31,97,75,1.7,broken clouds
266,Mossendjo,CG,-2.9506,12.7261,69.13,99,100,1.43,light rain
267,Langarud,IR,37.197,50.1535,53.6,87,90,4.61,mist
268,Cayenne,GF,4.9333,-52.3333,78.8,89,90,3.44,overcast clouds
269,Anloga,GH,5.7947,0.8973,84.2,84,20,11.5,few clouds
270,Talaja,IN,21.35,72.05,64.45,35,0,10.27,clear sky
271,Piopio,NZ,-38.4667,175.0167,80.01,39,10,4.0,clear sky
272,Tremedal,BR,-14.9758,-41.4108,70.18,90,100,4.12,overcast clouds
273,Gazojak,TM,41.1875,61.4036,45.46,82,100,7.78,overcast clouds
274,Krasnoselkup,RU,65.7,82.4667,18.97,97,100,17.69,light snow
275,Bulgan,MN,48.8125,103.5347,13.5,83,0,4.36,clear sky
276,South Venice,US,27.0531,-82.4243,64.4,72,40,6.91,scattered clouds
277,Gigmoto,PH,13.7796,124.39,80.24,81,100,17.34,moderate rain
278,Martil,MA,35.6166,-5.2752,57.2,72,69,20.71,broken clouds
279,Olgod,DK,55.8068,8.6286,26.6,80,90,13.8,light snow
280,Saint-Joseph,RE,-21.3667,55.6167,80.6,61,90,8.05,overcast clouds
281,Kautokeino,NO,69.0125,23.0412,5.29,91,37,4.88,scattered clouds
282,Sitka,US,57.0531,-135.33,33.8,37,75,9.22,broken clouds
283,Moyale,KE,3.5167,39.0584,71.87,46,99,9.95,overcast clouds
284,Yumen,CN,40.2833,97.2,29.91,75,100,8.99,overcast clouds
285,Zakamensk,RU,50.3741,103.2863,7.29,87,94,3.42,overcast clouds
286,Shache,CN,38.4167,77.2406,27.14,85,89,2.08,overcast clouds
287,Fairbanks,US,64.8378,-147.7164,-13.0,76,1,3.09,clear sky
288,Sidrolandia,BR,-20.9319,-54.9614,71.6,68,0,4.61,clear sky
289,Voh,NC,-20.9667,164.7,84.22,63,10,6.2,clear sky
290,Lingao,CN,19.9103,109.6859,68.77,89,100,7.87,overcast clouds
291,Kavieng,PG,-2.5744,150.7967,85.26,70,11,6.64,few clouds
292,Disraeli,CA,45.9001,-71.3491,21.99,92,100,5.37,light snow
293,Khani,GE,41.9563,42.9566,44.6,93,75,8.05,broken clouds
294,Sisimiut,GL,66.9395,-53.6735,23.45,79,3,17.56,clear sky
295,Georgetown,MY,5.4112,100.3354,82.4,78,20,2.3,few clouds
296,Marawi,PH,7.9986,124.2928,79.0,90,100,2.13,light rain
297,Talas,TR,38.6908,35.5538,32.0,86,0,1.14,clear sky
298,Sabancuy,MX,18.9667,-91.1833,73.83,88,0,7.4,clear sky
299,Lata,PT,40.1629,-8.3327,55.0,88,79,13.0,broken clouds
300,Mbarara,UG,-0.608,30.65,64.38,53,100,2.95,overcast clouds
301,Balyaga,RU,51.1507,108.921,6.03,90,72,1.97,broken clouds
302,Aasiaat,GL,68.7098,-52.8699,16.09,86,0,17.74,clear sky
303,Ngawi,ID,-7.4038,111.4461,80.37,83,84,12.39,broken clouds
304,Coihaique,CL,-45.5752,-72.0662,66.2,48,0,8.05,clear sky
305,Kenai,US,60.5544,-151.2583,17.6,85,1,8.05,clear sky
306,Tecolutla,MX,20.4833,-97.0167,71.6,78,75,5.75,broken clouds
307,Lesnoy,RU,57.6198,63.0784,-5.15,90,100,9.91,overcast clouds
308,El Rosario,MX,24.2556,-107.1828,64.4,63,75,3.44,broken clouds
309,Dunedin,NZ,-45.8742,170.5036,61.0,88,100,1.01,overcast clouds
310,Ust-Karsk,RU,52.7011,118.8077,-7.06,84,78,2.82,broken clouds
311,Marzuq,YE,14.4,46.4667,56.05,47,0,3.91,clear sky
312,Hanna,CA,51.6334,-111.9018,-24.0,77,57,1.01,broken clouds
313,Pimentel,PE,-6.8367,-79.9342,70.0,88,97,1.99,overcast clouds
314,Marsh Harbour,BS,26.5412,-77.0636,75.16,89,33,10.31,scattered clouds
315,Chingirlau,KZ,51.095,54.0814,-11.33,89,74,13.22,broken clouds
316,Las Palmas,ES,28.4204,-14.0131,62.6,67,90,8.05,overcast clouds
317,Yar-Sale,RU,66.8333,70.8333,-10.7,90,100,21.25,light snow
318,Avera,US,33.194,-82.5271,39.0,80,1,5.37,clear sky
319,Remanso,BR,-9.6179,-42.0831,75.4,83,100,7.65,overcast clouds
320,Huilong,CN,31.8111,121.655,48.99,53,99,3.0,overcast clouds
321,Mopti,ML,14.6667,-4.0,70.99,23,99,11.43,overcast clouds
322,Muros,ES,42.7762,-9.0603,52.0,80,21,1.99,few clouds
323,Sayansk,RU,54.1088,102.1648,11.46,94,50,3.04,scattered clouds
324,Sao Joao Da Barra,BR,-21.6403,-41.0511,71.01,95,100,7.96,overcast clouds
325,San Cristobal,VE,7.7669,-72.225,67.32,86,100,0.85,overcast clouds
326,Wajima,JP,37.4,136.9,30.2,80,75,5.75,light snow
327,Senno,RU,59.5336,33.9167,3.99,85,100,4.14,overcast clouds
328,Kiruna,SE,67.8557,20.2251,17.6,79,90,4.61,overcast clouds
329,Palamos,ES,41.8484,3.1291,46.99,100,100,1.14,overcast clouds
330,Hamilton,US,39.1834,-84.5333,19.4,45,90,4.61,overcast clouds
331,Vestmannaeyjar,IS,63.4427,-20.2734,39.36,73,100,24.49,overcast clouds
332,Te Anau,NZ,-45.4167,167.7167,66.04,65,100,4.88,heavy intensity rain
333,Premia De Mar,ES,41.4921,2.3652,52.0,61,100,1.99,overcast clouds
334,Acarau,BR,-2.8856,-40.12,79.52,83,50,12.71,scattered clouds
335,Kemijarvi,FI,66.7131,27.4306,8.29,94,10,7.23,clear sky
336,Rudbar,AF,30.15,62.6,58.08,31,28,7.52,scattered clouds
337,Imeni Poliny Osipenko,RU,52.4201,136.4853,8.51,87,100,6.2,overcast clouds
338,Nakusp,CA,50.2499,-117.8023,28.4,69,82,3.44,broken clouds
339,Constitucion,CL,-35.3333,-72.4167,57.49,91,2,7.11,clear sky
340,Kirensk,RU,57.7853,108.1119,25.23,95,100,12.12,light snow
341,Inhambane,MZ,-23.865,35.3833,77.85,87,96,7.99,light rain
342,Okhotsk,RU,59.3833,143.3,19.72,90,100,18.99,overcast clouds
343,Grindavik,IS,63.8424,-22.4338,33.8,75,0,14.97,snow
344,Port-Gentil,GA,-0.7193,8.7815,81.68,79,100,6.89,overcast clouds
345,Aitape,PG,-3.1374,142.3475,85.55,64,93,4.09,overcast clouds
346,Airai,TL,-8.9266,125.4092,71.28,85,100,3.96,overcast clouds
347,Myaundzha,RU,63.0494,147.1858,0.19,84,100,8.93,overcast clouds
348,Manzhouli,CN,49.6,117.4333,0.61,89,97,5.06,light snow
349,Arica,CL,-18.475,-70.3042,71.6,68,0,3.44,clear sky
350,Perdoes,BR,-21.0908,-45.0914,63.45,85,100,8.88,overcast clouds
351,Bireun,ID,5.203,96.7009,80.31,73,38,2.39,scattered clouds
352,Porvoo,FI,60.3923,25.6651,21.2,86,75,8.05,light snow
353,Khash,IR,28.2211,61.2158,43.88,48,100,2.93,overcast clouds
354,Kananga,CD,-5.8958,22.4178,68.83,88,100,1.23,overcast clouds
355,Santa Cruz Cabralia,BR,-16.2781,-39.0247,78.8,83,75,6.91,broken clouds
356,Grand Gaube,MU,-20.0064,57.6608,78.01,82,1,4.0,clear sky
357,Komsomolskiy,UZ,40.4272,71.7189,41.0,75,58,4.61,mist
358,Peleduy,RU,59.6289,112.7406,18.59,95,100,7.74,light snow
359,Teya,RU,60.3778,92.6267,13.3,92,100,11.86,overcast clouds
360,Saltillo,MX,25.4167,-101.0,60.8,44,1,6.91,clear sky
361,Virginia Beach,US,36.8529,-75.978,39.2,75,1,8.68,clear sky
362,Idil,TR,37.3411,41.8895,43.16,62,61,1.66,broken clouds
363,Bratsk,RU,56.1325,101.6142,23.0,79,40,4.47,scattered clouds
364,Nome,US,64.5011,-165.4064,0.0,77,1,3.44,clear sky
365,Veracruz,MX,19.3333,-96.6667,75.0,83,90,2.59,overcast clouds
366,Nancha,CN,47.1333,129.2667,0.7,81,0,4.9,clear sky
367,Ekuvukeni,ZA,-28.4675,30.1551,65.14,89,93,2.77,overcast clouds
368,Chilca,PE,-12.5211,-76.7372,75.99,78,0,9.22,clear sky
369,Wanning,CN,18.8003,110.3967,72.54,82,87,5.73,overcast clouds
370,Lagoa,PT,39.05,-27.9833,57.9,81,15,21.5,few clouds
371,Puerto Lopez,CO,4.0845,-72.956,84.02,55,63,6.24,broken clouds
372,Yatou,CN,37.15,122.3833,32.23,79,0,14.72,clear sky
373,Basco,PH,20.4487,121.9702,73.56,83,100,25.3,overcast clouds
374,Korla,CN,41.7597,86.1469,31.64,77,92,4.05,overcast clouds
375,Ruidoso,US,33.3317,-105.673,48.2,14,1,16.11,clear sky
376,Fukue,JP,32.6881,128.8419,48.2,57,20,19.57,few clouds
377,Ginir,ET,7.1333,40.7,60.57,57,100,4.27,overcast clouds
378,Ponta Delgada,PT,37.7333,-25.6667,57.2,77,40,10.36,scattered clouds
379,Abu Dhabi,AE,24.4667,54.3667,68.0,77,0,5.75,clear sky
380,Kutum,SD,14.2,24.6667,50.32,43,0,8.86,clear sky
381,Ashqelon,IL,31.6693,34.5715,54.0,93,0,2.3,clear sky
382,Samarai,PG,-10.6167,150.6667,85.71,70,84,3.8,broken clouds
383,Solnechnyy,RU,50.7214,136.6319,4.66,88,100,1.12,overcast clouds
384,Balao,EC,-2.9167,-79.8167,77.88,82,100,4.18,light rain
385,Dudinka,RU,69.4058,86.1778,-24.81,82,94,12.68,overcast clouds
386,Charters Towers,AU,-20.1,146.2667,90.52,51,100,8.48,overcast clouds
387,Tuy Hoa,VN,13.0833,109.3,73.15,83,90,8.01,overcast clouds
388,Taltal,CL,-25.4,-70.4833,64.72,74,0,2.44,clear sky
389,Vestmanna,FO,62.1564,-7.1664,35.6,64,75,17.27,broken clouds
390,Talnakh,RU,69.4865,88.3972,-16.91,77,55,3.44,broken clouds
391,Riyadh,SA,24.6877,46.7219,55.4,71,0,9.22,clear sky
392,Aquiraz,BR,-3.9014,-38.3911,80.6,83,40,5.75,scattered clouds
393,Eldorado,BR,-23.7869,-54.2836,68.56,84,0,3.06,clear sky
394,Ambilobe,MG,-13.2,49.05,73.02,93,85,2.75,overcast clouds
395,Tiksi,RU,71.6872,128.8694,-29.22,86,46,5.46,scattered clouds
396,Jaumave,MX,23.4167,-99.3833,77.0,19,1,11.5,clear sky
397,Leh,IN,34.1667,77.5833,11.59,58,45,1.95,scattered clouds
398,Saint Marys,US,30.7305,-81.5465,52.0,81,1,4.61,clear sky
399,Alekseyevsk,RU,57.8406,108.3492,25.21,96,100,13.0,light snow
400,Lumeje,AO,-11.55,20.7833,66.51,89,100,6.42,overcast clouds
401,Eureka,US,40.8021,-124.1637,48.99,82,100,5.99,overcast clouds
402,Mount Isa,AU,-20.7333,139.5,87.8,62,75,16.11,broken clouds
403,Ahipara,NZ,-35.1667,173.1667,72.59,59,70,9.91,broken clouds
404,Afua,BR,-0.1567,-50.3867,75.79,92,85,5.59,overcast clouds
405,Casper,US,42.8666,-106.3131,-2.2,78,90,4.61,light snow
406,Panguiranan,PH,12.0699,123.3185,78.73,85,100,19.17,moderate rain
407,Siuna,NI,13.7332,-84.7773,69.85,87,0,2.95,clear sky
408,Sorland,NO,67.667,12.6934,34.25,84,96,8.12,overcast clouds
409,Deputatskiy,RU,69.3,139.9,-23.46,84,38,2.64,scattered clouds
410,Santa Maria Da Vitoria,BR,-13.3947,-44.1886,68.92,93,100,2.55,overcast clouds
411,Dongsheng,CN,39.8161,109.9776,25.56,68,100,3.13,overcast clouds
412,Lasa,IT,46.6166,10.7002,39.99,86,90,9.22,snow
413,Namatanai,PG,-3.6667,152.4333,84.69,73,33,5.97,light rain
414,Petauke,ZM,-14.2426,31.3253,66.09,97,100,3.89,light rain
415,Egvekinot,RU,66.3167,-179.1667,-13.11,87,9,15.82,clear sky
416,Opuwo,NA,-18.0607,13.84,66.06,35,60,1.61,broken clouds
417,Dolores Hidalgo,MX,21.1561,-100.9308,69.8,18,20,4.61,few clouds
418,Flin Flon,CA,54.7682,-101.865,-29.22,81,36,10.71,scattered clouds
419,Neyshabur,IR,36.2133,58.7958,47.91,53,100,7.78,overcast clouds
420,Pandan,PH,14.0453,124.1694,80.02,82,100,17.36,overcast clouds
421,Pochutla,MX,15.7432,-96.4661,78.8,73,40,9.22,scattered clouds
422,Tabou,CI,4.423,-7.3528,78.76,90,20,6.49,few clouds
423,Veraval,IN,20.9,70.3667,68.43,32,0,11.59,clear sky
424,Doha,QA,25.2867,51.5333,66.2,72,0,9.22,clear sky
425,Niksic,ME,42.7731,18.9445,59.0,77,75,9.22,broken clouds
426,Soyo,AO,-6.1349,12.3689,79.68,86,100,8.12,moderate rain
427,Mrakovo,RU,52.7161,56.6244,-10.34,88,100,11.88,overcast clouds
428,Sivaki,RU,52.6333,126.75,-8.93,88,0,10.89,clear sky
429,Juneau,US,58.3019,-134.4197,21.2,68,90,7.2,overcast clouds
430,Leningradskiy,RU,69.3833,178.4167,-15.84,86,4,8.37,clear sky
431,Huarmey,PE,-10.0681,-78.1522,72.68,70,100,9.31,overcast clouds
432,Ancud,CL,-41.8697,-73.8203,63.0,72,0,4.61,clear sky
433,Fort William,GB,56.8165,-5.1121,35.01,75,39,8.01,scattered clouds
434,Noumea,NC,-22.2763,166.4572,86.0,66,20,10.36,few clouds
435,Ust-Kulom,RU,61.6864,53.6902,-18.8,86,100,8.3,light snow
436,Kamaishi,JP,39.2667,141.8833,28.4,69,75,8.05,light snow
437,Poopo,BO,-18.3667,-66.9667,50.38,74,100,3.15,moderate rain
438,Churapcha,RU,62.0025,132.4325,-26.95,82,93,3.65,overcast clouds
439,Luau,AO,-10.7073,22.2247,66.09,97,100,4.07,light rain
440,Henties Bay,NA,-22.116,14.2845,63.0,92,97,5.99,overcast clouds
441,Gualeguaychu,AR,-33.0094,-58.5172,73.99,59,0,3.0,clear sky
442,Butajira,ET,8.1167,38.3667,55.58,80,100,4.0,light rain
443,Gat,IL,31.61,34.7642,54.0,93,0,2.3,clear sky
444,Kaeo,NZ,-35.1,173.7833,73.0,68,89,8.99,overcast clouds
445,Bandarbeyla,SO,9.4942,50.8122,75.83,76,85,19.19,overcast clouds
446,Kabinda,CD,-6.1333,24.4833,68.7,93,100,3.0,overcast clouds
447,Gizo,SB,-8.103,156.8419,85.19,73,100,10.56,light rain
448,High Level,CA,58.5169,-117.136,-18.4,69,1,9.22,clear sky
449,Launceston,AU,-41.45,147.1667,66.0,52,40,6.91,scattered clouds
450,Sabha,LY,27.0377,14.4283,65.53,26,100,13.13,overcast clouds
451,Portland,US,45.5234,-122.6762,46.0,70,99,1.99,overcast clouds
452,Sabang,ID,5.8933,95.3214,82.09,77,6,15.9,clear sky
453,Nauen,DE,52.607,12.8737,19.99,73,100,1.01,overcast clouds
454,Krasnovishersk,RU,60.4078,57.082,-21.12,85,100,6.33,light snow
455,Ati,TD,13.2154,18.3353,66.45,22,59,12.24,broken clouds
456,College,US,64.8569,-147.8028,-13.0,83,20,3.89,few clouds
457,Roald,NO,62.5833,6.1333,24.8,50,0,13.8,clear sky
458,Qaqortoq,GL,60.7167,-46.0333,37.4,30,100,42.57,overcast clouds
459,Winsum,NL,53.33,6.5208,24.01,80,20,21.85,few clouds
460,Bangassou,CF,4.7413,22.8184,60.53,33,100,2.82,overcast clouds
461,Tromso,NO,69.6496,18.957,26.6,74,75,5.75,light snow
462,Magam,IN,34.0833,74.5833,30.7,84,85,1.16,overcast clouds
463,Alyangula,AU,-13.8483,136.4192,86.0,79,40,12.66,scattered clouds
464,Emba,KZ,48.8264,58.1442,-6.03,89,40,12.86,scattered clouds
465,Port Hardy,CA,50.6996,-127.4199,39.2,81,75,8.05,broken clouds
466,Shar,KZ,49.5886,81.0453,23.41,94,85,16.67,overcast clouds
467,Manosque,FR,43.8288,5.7869,37.99,93,0,2.3,clear sky
468,Robertsport,LR,6.7533,-11.3686,80.2,84,100,6.6,light rain
469,Bardiyah,LY,31.7561,25.0865,64.09,45,100,20.33,overcast clouds
470,Vila Franca Do Campo,PT,37.7167,-25.4333,57.2,77,40,10.36,scattered clouds
471,Zhigansk,RU,66.7697,123.3711,-28.52,79,0,5.55,clear sky
472,Magadan,RU,59.5667,150.8,14.02,84,100,21.18,overcast clouds
473,Sao Jose Do Egito,BR,-7.4789,-37.2744,72.05,76,64,4.47,broken clouds
474,Jian,CN,27.1172,114.9793,55.33,77,100,8.86,overcast clouds
475,Union,US,40.6334,-74.2663,32.0,80,1,8.05,clear sky
476,Ekhabi,RU,53.5102,142.9671,20.19,97,100,21.39,snow
477,Nenjiang,CN,49.1833,125.2167,-4.36,86,0,5.23,clear sky
478,Beyneu,KZ,45.3167,55.2,22.82,84,100,13.6,overcast clouds
479,Troitskoye,RU,52.9821,84.6757,17.98,97,100,6.08,overcast clouds
480,Teguldet,RU,57.3064,88.1667,13.35,94,93,9.71,overcast clouds
481,Mitsamiouli,KM,-11.3847,43.2844,82.47,79,100,14.65,moderate rain
482,Sangar,RU,63.9242,127.4739,-26.36,81,0,0.63,clear sky
483,Maldonado,UY,-34.6667,-54.9167,70.0,83,75,11.5,broken clouds
484,Christchurch,NZ,-43.5333,172.6333,84.2,28,52,11.5,broken clouds
485,Neiafu,TO,-18.65,-173.9833,78.8,94,90,12.66,moderate rain
486,Wanxian,CN,30.8039,108.3897,54.32,65,100,3.96,light rain
487,Lazaro Cardenas,MX,17.9583,-102.2,73.92,79,0,3.04,clear sky
488,Zhuhai,CN,22.2769,113.5678,75.0,83,88,8.05,overcast clouds
489,San Miguel,SV,13.4833,-88.1833,76.41,77,41,2.28,scattered clouds
490,Along,IN,28.1667,94.7667,56.57,41,0,1.28,clear sky
491,Pontes E Lacerda,BR,-15.2261,-59.3353,71.58,69,73,2.28,broken clouds
492,Puerto Escondido,MX,15.85,-97.0667,80.6,78,20,4.45,few clouds
493,Pevek,RU,69.7008,170.3133,-6.75,83,0,2.42,clear sky
494,Aranos,NA,-24.1333,19.1167,70.88,71,0,8.46,clear sky
495,Yenagoa,NG,4.9247,6.2642,78.67,89,98,3.29,overcast clouds
496,Nouadhibou,MR,20.931,-17.0347,62.6,77,0,19.57,clear sky
497,Verkhoyansk,RU,67.5447,133.385,-27.98,81,31,2.21,scattered clouds
498,Maumere,ID,-8.6199,122.2111,84.33,67,100,3.47,overcast clouds
499,Padang,ID,-0.9492,100.3543,80.6,78,20,2.3,few clouds
500,Pachino,IT,36.7186,15.0907,50.0,87,0,6.91,clear sky
501,Villamontes,BO,-21.25,-63.5,79.5,41,100,3.85,light rain
502,Willowmore,ZA,-33.2926,23.4895,58.3,73,42,4.34,scattered clouds
503,Port Moresby,PG,-9.4431,147.1797,89.6,62,40,11.5,scattered clouds
504,Gornopravdinsk,RU,60.05,69.9,-0.72,91,100,12.1,overcast clouds
505,Tessalit,ML,20.1986,1.0114,58.68,32,100,11.92,overcast clouds
506,Ulaanbaatar,MN,47.9077,106.8832,-7.6,77,1,2.24,clear sky
507,Camara De Lobos,PT,32.6333,-16.9667,59.0,82,20,2.3,few clouds
508,Ulaangom,MN,49.9811,92.0667,-5.1,90,100,1.23,overcast clouds
509,Meulaboh,ID,4.1363,96.1285,80.8,75,100,3.49,overcast clouds
510,Bagotville,AU,-28.9833,153.4167,80.6,61,40,19.57,scattered clouds
511,Ust-Ilimsk,RU,58.0006,102.6619,24.04,97,100,9.8,light snow
512,Baykit,RU,61.67,96.37,19.62,92,70,9.35,broken clouds
513,Kapoeta,SS,4.7717,33.5903,71.31,23,63,5.03,broken clouds
514,Warrnambool,AU,-38.3833,142.4833,62.01,73,100,1.01,overcast clouds
515,Velingara,SN,13.15,-14.1167,72.07,21,93,5.39,overcast clouds
516,Batemans Bay,AU,-35.7167,150.1833,71.01,66,26,3.0,scattered clouds
517,Shinpokh,PK,34.3292,71.1782,51.8,71,75,2.01,haze
518,Bereda,ES,43.2686,-7.5406,46.99,100,85,7.0,overcast clouds
519,Honiara,SB,-9.4333,159.95,86.81,67,1,9.66,heavy intensity rain
520,Hambantota,LK,6.1241,81.1185,73.4,100,20,4.61,few clouds
521,Thung Song,TH,8.1645,99.6804,86.0,79,20,4.61,few clouds
522,Bjornevatn,NO,69.6672,29.9847,23.0,80,75,20.71,light snow
523,Bahia Blanca,AR,-38.7196,-62.2724,58.6,75,2,14.97,clear sky
524,Rincon,US,32.296,-81.2354,39.2,93,1,3.44,clear sky
525,Merke,KZ,42.8728,73.1786,43.16,62,100,4.25,light rain
526,Aljezur,PT,37.3191,-8.8033,55.99,100,96,4.0,overcast clouds
527,Mecca,SA,21.4267,39.8261,69.96,26,0,17.2,clear sky
528,Mumford,GH,5.2618,-0.759,80.24,86,33,11.61,light rain
529,Yarkovo,RU,57.4028,67.0786,-7.02,88,0,8.84,clear sky
530,Galeana,MX,24.8333,-100.0667,55.0,42,53,1.59,broken clouds
531,Tsogni,GA,-2.7942,10.0988,76.87,87,100,2.51,overcast clouds
532,Bekovo,RU,52.4663,43.712,-7.11,91,99,10.18,overcast clouds
533,Strelka,RU,58.0728,93.0344,16.0,94,45,6.96,scattered clouds
534,Banfora,BF,10.6333,-4.7667,78.53,19,0,7.43,clear sky
535,Saint George,US,37.1041,-113.5841,57.2,17,1,6.91,clear sky
536,Lexington,US,37.9887,-84.4777,26.01,46,1,6.91,clear sky
537,Axim,GH,4.8699,-2.2405,79.63,86,63,8.59,broken clouds
538,Mayo,US,38.8876,-76.5119,33.8,47,1,8.05,clear sky
539,Charyshskoye,RU,51.3978,83.5598,23.16,92,96,3.62,overcast clouds
540,Port Hueneme,US,34.1478,-119.1951,55.4,87,40,3.44,scattered clouds
541,Lima,PE,-12.0432,-77.0282,75.99,78,0,9.22,clear sky
542,Chateauroux,FR,46.8167,1.7,35.6,87,90,4.61,overcast clouds
543,Ewo,CG,-0.8725,14.8206,75.13,77,72,7.29,broken clouds
544,Antofagasta,CL,-23.65,-70.4,66.2,77,0,9.22,clear sky
545,Khasan,RU,42.4308,130.6434,11.57,86,0,23.49,clear sky
546,Nelson Bay,AU,-32.7167,152.15,77.0,69,75,17.27,broken clouds
547,Palma,ES,39.5694,2.6502,57.0,93,20,14.32,few clouds
548,Kavaratti,IN,10.5669,72.642,81.48,67,95,9.1,overcast clouds
549,Koslan,RU,63.4564,48.8989,-22.25,84,100,9.33,overcast clouds
550,Comodoro Rivadavia,AR,-45.8667,-67.5,59.0,67,0,5.75,clear sky
551,Olafsvik,IS,64.8945,-23.7142,35.22,80,72,15.46,broken clouds
552,Zyryanskoye,RU,56.8306,86.6258,14.83,95,86,11.25,overcast clouds
553,Barra Do Corda,BR,-5.5,-45.25,74.7,91,100,1.57,overcast clouds
554,Nioro,GM,13.35,-15.75,71.4,20,76,8.16,broken clouds
555,Kupang,ID,-10.1667,123.5833,82.4,89,40,8.05,scattered clouds
556,Jupiter,US,26.9342,-80.0942,73.0,100,90,7.99,overcast clouds
557,Coquimbo,CL,-29.9533,-71.3436,60.8,77,0,5.75,clear sky
558,Mudhol,IN,16.35,75.2833,64.17,50,98,7.72,overcast clouds
559,Alberton,CA,46.8168,-64.0654,26.6,68,100,11.5,light snow
560,Rawson,AR,-43.3002,-65.1023,57.31,62,0,13.22,clear sky
561,Nishihara,JP,26.1842,127.7558,69.8,42,20,13.8,few clouds
562,Groningen,NL,53.25,6.75,24.01,80,20,21.85,few clouds
563,Talcahuano,CL,-36.7167,-73.1167,57.2,94,0,3.44,clear sky
564,Champerico,GT,14.3,-91.9167,66.0,93,0,7.18,clear sky
565,Northam,GB,51.0333,-4.2167,35.01,73,88,15.01,overcast clouds
566,Longkou,CN,37.6508,120.3286,32.31,86,0,10.2,clear sky
567,Panlaitan,PH,12.1191,119.8486,83.08,69,85,5.41,overcast clouds
568,The Pas,CA,53.8251,-101.2541,-27.4,62,1,12.66,clear sky
569,Katangli,RU,51.7102,143.2326,6.57,94,100,21.7,snow
570,Povenets,RU,62.8487,34.8262,-3.05,90,89,4.23,overcast clouds
571,Kitimat,CA,54.0524,-128.6534,25.0,69,13,4.68,few clouds
572,Moratuwa,LK,6.773,79.8816,77.0,83,20,11.5,few clouds
573,Kuching,MY,1.55,110.3333,78.8,89,40,1.14,light rain
574,Xai-Xai,MZ,-25.0519,33.6442,75.7,92,100,3.27,light rain
575,Laguna De Perlas,NI,12.3429,-83.6712,76.41,83,17,6.96,few clouds
576,Mazatlan,MX,23.2167,-106.4167,66.99,68,1,3.44,clear sky
577,Parkes,AU,-33.1333,148.1833,81.27,40,2,1.12,clear sky
578,Opochka,RU,56.7105,28.6617,2.57,95,100,3.4,overcast clouds
579,Sandi,IN,27.3,79.95,51.28,70,0,4.18,clear sky
580,Changli,CN,39.7042,119.1506,31.14,71,0,5.48,clear sky
581,Rio Grande,BR,-32.035,-52.0986,69.01,80,1,10.67,clear sky
582,Fort Nelson,CA,58.8053,-122.7002,-16.6,63,90,8.05,light snow
583,Megion,RU,61.0296,76.1136,8.6,85,75,11.18,light snow
584,Nuevo Casas Grandes,MX,30.4167,-107.9167,57.0,15,0,4.0,clear sky
585,Tiznit,MA,29.5833,-9.5,50.65,86,91,2.86,overcast clouds
586,Nabire,ID,-3.3667,135.4833,87.06,61,75,4.99,broken clouds
587,Saurimo,AO,-9.6608,20.3916,65.66,95,100,5.53,light rain
588,Chake Chake,TZ,-5.2459,39.7666,79.18,82,100,8.21,overcast clouds
589,Tornio,FI,65.8481,24.1466,-2.2,92,0,1.14,clear sky
590,Strezhevoy,RU,60.7333,77.5889,8.6,85,75,11.18,light snow
591,Berlevag,NO,70.8578,29.0864,24.15,93,100,26.28,light snow
592,Jinsha,CN,32.0898,121.0735,43.0,62,96,3.0,overcast clouds
593,Palekh,RU,56.8028,41.8572,-16.85,87,0,7.76,clear sky
594,Cairns,AU,-16.9167,145.7667,91.0,70,86,5.75,light rain
595,Alta Floresta,BR,-9.8756,-56.0861,69.46,98,100,0.72,overcast clouds
596,Jaciara,BR,-15.9653,-54.9683,72.05,71,40,0.85,scattered clouds
597,Maues,BR,-3.3836,-57.7186,75.72,94,100,1.36,moderate rain
598,Natal,BR,-5.795,-35.2094,80.6,83,40,10.36,scattered clouds
599,Grants,US,35.1473,-107.8514,44.6,18,1,13.8,clear sky
600,Payo,ID,-3.7508,103.6372,79.43,83,93,3.44,overcast clouds
601,Samagaltay,RU,50.6022,95.0047,1.22,88,87,2.19,overcast clouds
602,Flinders,AU,-34.5833,150.8552,72.0,72,54,4.0,broken clouds
603,Santa Isabel Do Rio Negro,BR,-0.4139,-65.0192,77.31,84,98,2.84,overcast clouds
604,Hasilpur,PK,29.7122,72.5553,57.24,34,0,5.77,clear sky
605,Ushtobe,KZ,45.2514,77.9838,33.8,87,100,3.09,overcast clouds
606,Hampton,US,37.0299,-76.3452,37.4,100,20,9.15,few clouds
607,Tocopilla,CL,-22.092,-70.1979,69.96,68,50,6.06,scattered clouds
608,San Quintin,MX,30.4833,-115.95,59.68,74,0,7.25,clear sky
609,Chateau-Thierry,FR,49.05,3.4,30.0,97,97,1.01,overcast clouds
610,Krasnyy Chikoy,RU,50.3643,108.7512,6.87,89,89,1.81,overcast clouds
611,Seddon,AU,-37.8068,144.8916,64.99,63,90,17.27,overcast clouds
612,Inndyr,NO,67.0338,14.0276,28.0,68,75,4.61,broken clouds
613,Jalu,LY,29.0331,21.5482,67.41,25,100,18.75,overcast clouds
614,Piranshahr,IR,36.701,45.1413,36.91,75,51,3.67,broken clouds
615,Paracuru,BR,-3.41,-39.0306,81.0,79,4,14.0,clear sky
616,Bumbuna,SL,9.05,-11.7333,71.29,91,43,1.43,scattered clouds
617,Luwuk,ID,-0.9516,122.7875,86.43,61,100,1.3,overcast clouds
618,Marshall,US,34.3834,-86.3333,33.01,100,1,4.61,clear sky
619,Xining,CN,36.6167,101.7667,27.63,51,0,2.06,clear sky
620,Markova,UA,48.6758,24.4138,26.15,97,100,4.88,overcast clouds
621,Chiknayakanhalli,IN,13.4172,76.6228,60.28,62,99,5.73,overcast clouds
622,Mae Sai,TH,20.4335,99.8762,64.4,100,75,9.22,light rain
623,Sena Madureira,BR,-9.0656,-68.6569,75.83,90,100,1.99,overcast clouds
624,Skjervoy,NO,70.0311,20.9714,28.63,91,100,15.64,light snow
625,Weimar,DE,50.9833,11.3167,17.01,80,100,11.16,snow
626,Raga,SS,8.4596,25.678,55.27,37,68,2.24,broken clouds
627,Mill Valley,US,37.906,-122.545,57.0,77,100,3.98,overcast clouds
628,Port Shepstone,ZA,-30.7414,30.455,74.28,85,100,8.99,light rain
629,Poum,NC,-20.2333,164.0167,81.16,69,2,8.81,clear sky
630,Chiang Rai,TH,19.9167,99.9167,70.0,100,90,12.66,overcast clouds
631,Taua,BR,-5.9667,-40.3,78.31,45,35,9.78,scattered clouds
632,Seoul,KR,37.5683,126.9778,30.2,27,0,16.11,clear sky
633,Sault Sainte Marie,CA,46.5168,-84.3333,5.0,61,1,14.97,light snow
634,Kensington,AU,-33.9167,151.2167,73.99,73,75,17.27,broken clouds
635,Zuidhorn,NL,53.2467,6.4028,24.01,80,20,21.85,few clouds
636,Bud,US,39.447,-86.1758,10.99,64,100,5.46,overcast clouds
637,Cooma,AU,-36.2333,149.1333,71.6,56,40,5.75,scattered clouds
638,Tuzamapan,MX,19.4,-96.85,65.35,85,96,2.59,overcast clouds
639,Elko,US,41.0002,-115.5012,37.4,35,1,8.05,clear sky
640,Quatre Cocos,MU,-20.2078,57.7625,78.8,83,40,5.75,scattered clouds
641,Kulu,TR,39.0951,33.0799,48.2,55,100,7.16,overcast clouds
642,Chigorodo,CO,7.6664,-76.6811,76.57,86,98,5.66,overcast clouds
643,Owen Sound,CA,44.5672,-80.9435,12.99,87,100,1.99,light snow
644,Beidao,CN,34.5686,105.8933,43.84,52,0,0.18,clear sky
645,Mwanza,TZ,-2.5167,32.9,71.92,44,94,3.02,overcast clouds
646,Abancay,PE,-13.6339,-72.8814,59.2,69,100,3.0,overcast clouds
647,Zarubino,RU,42.63,131.0922,10.6,87,0,19.22,clear sky
648,Meru,KE,0.0463,37.6559,62.28,75,100,2.64,overcast clouds
649,Vostok,RU,46.4856,135.8833,-5.39,89,100,4.88,overcast clouds
650,Saint-Pierre,RE,-21.3393,55.4781,80.6,61,90,8.05,overcast clouds
651,Marmande,FR,44.5,0.1667,43.0,99,100,3.0,overcast clouds
652,Kangaba,ML,11.9333,-8.4167,72.99,21,87,7.0,overcast clouds
653,Marsa Matruh,EG,31.3525,27.2453,55.4,82,0,9.22,clear sky
654,Murupara,NZ,-38.4667,176.7,73.0,67,6,5.01,clear sky
655,Maceio,BR,-9.6658,-35.7353,75.2,88,40,2.3,scattered clouds
656,Banjar,ID,-8.19,114.9675,84.2,84,40,5.75,scattered clouds
657,Port Hedland,AU,-20.3167,118.5667,87.8,45,40,11.5,scattered clouds
658,Neuquen,AR,-38.9516,-68.0591,68.0,49,75,13.8,broken clouds
659,Bouca,CF,6.5105,18.2733,64.11,26,97,3.22,overcast clouds
660,Vila Velha,BR,-20.3297,-40.2925,70.0,94,90,3.44,overcast clouds
661,Pumiao,CN,22.75,108.4833,68.0,73,0,6.71,clear sky
662,Port Pirie,AU,-33.1833,138.0167,75.2,46,0,10.36,clear sky
663,Margate,GB,51.3813,1.3862,32.0,75,100,7.0,light snow
664,Mabaruma,GY,8.2,-59.7833,72.97,97,100,3.56,overcast clouds
665,Hualmay,PE,-11.0964,-77.6139,71.8,76,100,9.01,overcast clouds
666,Punta Cardon,VE,11.6581,-70.215,76.62,81,80,26.96,broken clouds
667,Bani,DO,18.2833,-70.3333,80.01,77,12,3.0,few clouds
668,Yingcheng,CN,30.95,113.55,46.4,71,100,8.95,overcast clouds
669,Houma,US,29.5958,-90.7195,50.0,81,1,8.05,clear sky
670,Lompoc,US,34.6391,-120.4579,60.01,87,1,8.05,clear sky
671,South River,US,40.4465,-74.386,30.99,88,87,1.99,overcast clouds
672,Xichang,CN,27.8964,102.2634,47.41,61,95,5.3,overcast clouds
673,Chokwe,MZ,-24.5333,32.9833,72.64,91,84,3.85,broken clouds
674,Dese,ET,11.1333,39.6333,48.11,94,58,3.33,broken clouds
675,Iberia,US,29.9502,-91.7507,50.0,93,1,5.75,clear sky
676,Lufilufi,WS,-13.8745,-171.5986,84.2,89,90,20.71,light rain
677,Westport,US,41.1415,-73.3579,30.2,86,90,3.44,overcast clouds
678,Ban Nahin,LA,18.2418,104.2122,77.34,55,0,4.12,clear sky
679,Saint-Raymond,CA,45.467,-73.6095,21.99,79,69,3.44,broken clouds
680,Barcelos,PT,41.5388,-8.6151,53.6,82,20,8.05,few clouds
681,Hami,CN,42.8,93.45,33.37,72,28,4.14,scattered clouds
682,San Carlos De Bariloche,AR,-41.1456,-71.3082,59.0,63,75,6.91,broken clouds
683,Guarapari,BR,-20.6667,-40.4975,70.0,94,90,3.44,overcast clouds
684,Fernley,US,39.608,-119.2518,50.0,29,1,5.01,clear sky
685,Tall Kayf,TR,37.0833,41.0667,47.5,54,22,3.89,few clouds
686,Izumo,JP,35.3667,132.7667,41.0,81,75,4.61,light rain
687,Thessalon,CA,46.2501,-83.5666,5.0,66,1,4.61,clear sky
688,Pacifica,US,37.6138,-122.4869,57.0,67,75,16.11,broken clouds
689,Praia,CV,14.9215,-23.5087,68.0,64,75,20.71,broken clouds
690,Teguise,ES,29.0605,-13.564,60.8,77,90,2.3,overcast clouds
691,Puerto Madryn,AR,-42.7692,-65.0385,58.3,63,10,17.11,clear sky
692,Ayan,RU,56.45,138.1667,-2.94,84,100,21.81,overcast clouds
693,Beringovskiy,RU,63.05,179.3167,5.94,94,100,16.44,snow
